parsing_time,plugin_time,resolution_time,verification_time,dafny_time
0.8697,27.8341,129.1812,690.9701,848.8551
parsing_time,plugin_time,resolution_time,verification_time,dafny_time
0.8604,27.5395,128.1316,638.8783,795.4097999999999
parsing_time,plugin_time,resolution_time,verification_time,dafny_time
1.4236,37.6658,130.3727,753.4027,922.8648000000001
parsing_time,plugin_time,resolution_time,verification_time,dafny_time
0.8453,27.511,128.236,696.18,852.7723
parsing_time,plugin_time,resolution_time,verification_time,dafny_time
0.8081,28.6685,135.5183,724.8248,889.8197
parsing_time,plugin_time,resolution_time,verification_time,dafny_time
1.0711,29.5833,136.6825,678.0587,845.3956000000001
parsing_time,plugin_time,resolution_time,verification_time,dafny_time
0.8081,26.5939,126.66369999999999,719.0994,873.1650999999999
parsing_time,plugin_time,resolution_time,verification_time,dafny_time
0.865,29.228900000000003,147.0722,727.3094,904.4755
parsing_time,plugin_time,resolution_time,verification_time,dafny_time
0.9591,27.8002,130.7613,649.8517,809.3723
parsing_time,plugin_time,resolution_time,verification_time,dafny_time
0.9352,29.9288,139.9242,694.1245,864.9127000000001
parsing_time,plugin_time,resolution_time,verification_time,dafny_time
1.0848,30.3209,141.2577,666.0968,838.7602
parsing_time,plugin_time,resolution_time,verification_time,dafny_time
0.9522,28.8671,133.55839999999998,641.1611,804.5388
parsing_time,plugin_time,resolution_time,verification_time,dafny_time
1.0024,27.0601,129.1809,614.9932,772.2366
parsing_time,plugin_time,resolution_time,verification_time,dafny_time
0.8634,28.0195,130.4159,686.2428,845.5416
parsing_time,plugin_time,resolution_time,verification_time,dafny_time
1.215,27.858800000000002,130.0317,648.4668,807.5723
parsing_time,plugin_time,resolution_time,verification_time,dafny_time
0.8649,27.4524,129.7428,662.4845,820.5446
parsing_time,plugin_time,resolution_time,verification_time,dafny_time
0.8152,30.465500000000002,131.9972,660.7866,824.0645
parsing_time,plugin_time,resolution_time,verification_time,dafny_time
0.82,27.295900000000003,126.97149999999999,646.3184,801.4058
parsing_time,plugin_time,resolution_time,verification_time,dafny_time
0.8267,27.8263,126.37419999999999,634.0604,789.0876
parsing_time,plugin_time,resolution_time,verification_time,dafny_time
1.0354,28.182800000000004,134.67370000000003,687.8188,851.7107000000001
parsing_time,plugin_time,resolution_time,verification_time,dafny_time
0.869,29.2126,137.7936,785.7766,953.6518000000001
parsing_time,plugin_time,resolution_time,verification_time,dafny_time
0.8279,28.96,131.618,707.2536,868.6595
parsing_time,plugin_time,resolution_time,verification_time,dafny_time
1.0653,27.235400000000002,129.5532,674.9863,832.8402000000001
parsing_time,plugin_time,resolution_time,verification_time,dafny_time
0.8422,27.652800000000003,130.9208,652.8133,812.2291
parsing_time,plugin_time,resolution_time,verification_time,dafny_time
1.0194,28.2407,131.8194,655.7717,816.8512000000001
parsing_time,plugin_time,resolution_time,verification_time,dafny_time
0.9171,29.933200000000003,136.8537,736.4124,904.1164000000001
parsing_time,plugin_time,resolution_time,verification_time,dafny_time
1.3146,28.662200000000002,131.75140000000002,674.6684,836.3966
parsing_time,plugin_time,resolution_time,verification_time,dafny_time
0.8373,29.4672,134.52310000000003,748.5594,913.387
parsing_time,plugin_time,resolution_time,verification_time,dafny_time
1.0907,31.296400000000002,143.2512,753.313,928.9513
parsing_time,plugin_time,resolution_time,verification_time,dafny_time
0.8433,28.8153,132.23440000000002,693.5068,855.3998
parsing_time,plugin_time,resolution_time,verification_time,dafny_time
0.8276,29.005899999999997,135.1732,673.947,838.9537
parsing_time,plugin_time,resolution_time,verification_time,dafny_time
0.9767,30.7133,138.29120000000003,715.5311,885.5123000000001
parsing_time,plugin_time,resolution_time,verification_time,dafny_time
0.969,29.4313,146.7875,680.6747,857.8625
parsing_time,plugin_time,resolution_time,verification_time,dafny_time
0.8929,27.3695,133.4186,763.8755,925.5564999999999
parsing_time,plugin_time,resolution_time,verification_time,dafny_time
0.8498,30.767799999999998,145.89749999999998,727.9832,905.4983
parsing_time,plugin_time,resolution_time,verification_time,dafny_time
1.0751,27.990000000000002,133.91219999999998,685.0351,848.0124000000001
parsing_time,plugin_time,resolution_time,verification_time,dafny_time
0.8526,28.0972,136.45370000000003,686.0706,851.4741
parsing_time,plugin_time,resolution_time,verification_time,dafny_time
0.9696,27.1533,131.7891,684.1614,844.0734
parsing_time,plugin_time,resolution_time,verification_time,dafny_time
0.8614,29.0284,132.6377,771.0636,933.5911
parsing_time,plugin_time,resolution_time,verification_time,dafny_time
1.1851,28.692699999999995,138.2626,717.9111,886.0515
parsing_time,plugin_time,resolution_time,verification_time,dafny_time
0.8712,29.213700000000003,137.9161,712.2359,880.2369
parsing_time,plugin_time,resolution_time,verification_time,dafny_time
0.8443,28.233299999999996,131.9334,681.1465,842.1574999999999
parsing_time,plugin_time,resolution_time,verification_time,dafny_time
0.8731,26.988700000000005,139.7879,681.5523,849.202
parsing_time,plugin_time,resolution_time,verification_time,dafny_time
0.9843,31.3058,135.9931,708.5414,876.8245999999999
parsing_time,plugin_time,resolution_time,verification_time,dafny_time
0.9073,29.3296,145.097,731.5559,906.8897999999999
parsing_time,plugin_time,resolution_time,verification_time,dafny_time
0.8285,27.496,129.9034,716.5527,874.7805999999999
parsing_time,plugin_time,resolution_time,verification_time,dafny_time
1.3691,26.5327,124.49149999999999,679.6852,832.0785
parsing_time,plugin_time,resolution_time,verification_time,dafny_time
0.8887,27.009700000000002,128.12439999999998,634.1883,790.2111
parsing_time,plugin_time,resolution_time,verification_time,dafny_time
0.8265,28.612000000000002,132.30389999999997,700.6337,862.3761
parsing_time,plugin_time,resolution_time,verification_time,dafny_time
0.9582,29.368900000000004,138.91320000000002,715.9642,885.2045
parsing_time,plugin_time,resolution_time,verification_time,dafny_time
0.816,29.8311,126.29720000000002,659.1088,816.0531
parsing_time,plugin_time,resolution_time,verification_time,dafny_time
0.8189,27.755199999999995,134.48809999999997,684.9525,848.0147
parsing_time,plugin_time,resolution_time,verification_time,dafny_time
0.9668,30.834,151.86929999999998,718.9759,902.646
parsing_time,plugin_time,resolution_time,verification_time,dafny_time
0.9468,27.2025,129.78900000000002,672.6175,830.5558
parsing_time,plugin_time,resolution_time,verification_time,dafny_time
0.8135,27.7005,128.96869999999998,643.492,800.9747
parsing_time,plugin_time,resolution_time,verification_time,dafny_time
0.9475,26.7666,127.11760000000001,638.9138,793.7455
parsing_time,plugin_time,resolution_time,verification_time,dafny_time
0.8483,26.326700000000002,125.8429,661.9018,814.9196999999999
parsing_time,plugin_time,resolution_time,verification_time,dafny_time
0.8345,28.082500000000003,129.095,685.376,843.3879999999999
parsing_time,plugin_time,resolution_time,verification_time,dafny_time
0.9737,30.2121,135.9073,724.7182,891.8113000000001
parsing_time,plugin_time,resolution_time,verification_time,dafny_time
1.6744,29.2498,140.4281,647.7235,819.0758
parsing_time,plugin_time,resolution_time,verification_time,dafny_time
0.8197,31.9028,158.33649999999997,748.9025,939.9615
parsing_time,plugin_time,resolution_time,verification_time,dafny_time
0.8431,30.0023,136.7763,736.6805,904.3022000000001
parsing_time,plugin_time,resolution_time,verification_time,dafny_time
0.824,32.2486,132.5412,719.1825,884.7963
parsing_time,plugin_time,resolution_time,verification_time,dafny_time
1.1851,29.0825,132.8462,652.4278,815.5416
parsing_time,plugin_time,resolution_time,verification_time,dafny_time
0.8473,26.5472,129.2284,661.1958,817.8186999999999
parsing_time,plugin_time,resolution_time,verification_time,dafny_time
0.8654,26.988,131.21859999999998,630.5248,789.5968
parsing_time,plugin_time,resolution_time,verification_time,dafny_time
0.8616,28.634,132.3484,665.6453,827.4893
parsing_time,plugin_time,resolution_time,verification_time,dafny_time
0.8684,29.0669,142.2433,698.7093,870.8879
parsing_time,plugin_time,resolution_time,verification_time,dafny_time
0.8206,27.267500000000002,129.9019,635.6229,793.6129
parsing_time,plugin_time,resolution_time,verification_time,dafny_time
1.1027,27.9465,133.1275,630.9941,793.1708
parsing_time,plugin_time,resolution_time,verification_time,dafny_time
1.0262,29.6796,138.74769999999998,689.6216,859.0750999999999
parsing_time,plugin_time,resolution_time,verification_time,dafny_time
0.8485,27.8108,128.1243,720.5145,877.2981
parsing_time,plugin_time,resolution_time,verification_time,dafny_time
0.8111,30.3095,134.5657,697.6774,863.3637
parsing_time,plugin_time,resolution_time,verification_time,dafny_time
0.8774,26.898899999999998,127.1443,659.7761,814.6967000000001
parsing_time,plugin_time,resolution_time,verification_time,dafny_time
0.8299,27.643,131.5842,628.8526,788.9097
parsing_time,plugin_time,resolution_time,verification_time,dafny_time
0.8079,28.1071,127.6677,742.1801,898.7628
parsing_time,plugin_time,resolution_time,verification_time,dafny_time
0.8504,28.269000000000002,123.6968,650.2434,803.0595999999999
parsing_time,plugin_time,resolution_time,verification_time,dafny_time
0.8332,28.7201,131.3472,741.0678,901.9683
parsing_time,plugin_time,resolution_time,verification_time,dafny_time
0.9809,27.2334,128.4196,679.9979,836.6318
parsing_time,plugin_time,resolution_time,verification_time,dafny_time
0.8684,26.325499999999998,125.0814,629.8111,782.0864
parsing_time,plugin_time,resolution_time,verification_time,dafny_time
1.0217,28.683199999999996,129.0924,668.6453,827.4426000000001
parsing_time,plugin_time,resolution_time,verification_time,dafny_time
0.8225,26.3082,126.33,688.4793,841.9399999999999
parsing_time,plugin_time,resolution_time,verification_time,dafny_time
0.8155,27.322499999999998,125.8048,647.468,801.4108
parsing_time,plugin_time,resolution_time,verification_time,dafny_time
0.9222,27.182000000000002,132.0744,640.844,801.0226
parsing_time,plugin_time,resolution_time,verification_time,dafny_time
0.8154,27.514,129.17530000000002,656.9558,814.4604999999999
parsing_time,plugin_time,resolution_time,verification_time,dafny_time
0.8475,27.278299999999998,125.19309999999999,729.4232,882.7420999999999
parsing_time,plugin_time,resolution_time,verification_time,dafny_time
0.8293,27.203500000000002,126.1065,679.779,833.9183
parsing_time,plugin_time,resolution_time,verification_time,dafny_time
0.8131,28.3831,129.1241,709.4596,867.7799
parsing_time,plugin_time,resolution_time,verification_time,dafny_time
0.858,27.872300000000003,127.08659999999999,603.7542,759.5711
parsing_time,plugin_time,resolution_time,verification_time,dafny_time
0.8122,26.7942,124.6444,662.0016,814.2524000000001
parsing_time,plugin_time,resolution_time,verification_time,dafny_time
0.8123,26.922900000000002,125.16329999999999,645.9257,798.8242
parsing_time,plugin_time,resolution_time,verification_time,dafny_time
1.0061,26.6301,125.6468,636.5998,789.8828
parsing_time,plugin_time,resolution_time,verification_time,dafny_time
0.886,28.0368,125.04339999999999,637.8763,791.8425
parsing_time,plugin_time,resolution_time,verification_time,dafny_time
0.8147,27.0273,129.5276,647.3446,804.7142
parsing_time,plugin_time,resolution_time,verification_time,dafny_time
0.8335,27.0972,126.9935,649.6454,804.5696
parsing_time,plugin_time,resolution_time,verification_time,dafny_time
0.8492,26.635600000000004,126.4099,665.8629,819.7575999999999
parsing_time,plugin_time,resolution_time,verification_time,dafny_time
0.937,28.599,129.926,639.5597,799.0217
parsing_time,plugin_time,resolution_time,verification_time,dafny_time
0.9022,26.236399999999996,128.48389999999998,637.7466,793.3690999999999
parsing_time,plugin_time,resolution_time,verification_time,dafny_time
0.8533,27.5376,155.6614,646.1329,830.1851999999999
parsing_time,plugin_time,resolution_time,verification_time,dafny_time
0.931,26.84,127.79090000000001,651.6237,807.1856
parsing_time,plugin_time,resolution_time,verification_time,dafny_time
0.8181,28.1436,131.8303,625.6972,786.4892
parsing_time,plugin_time,resolution_time,verification_time,dafny_time
0.8452,27.5783,126.60660000000001,651.8177,806.8478
parsing_time,plugin_time,resolution_time,verification_time,dafny_time
1.1442,26.8111,129.0283,740.8084,897.792
parsing_time,plugin_time,resolution_time,verification_time,dafny_time
0.8624,27.7941,126.93149999999999,660.9219,816.5099
parsing_time,plugin_time,resolution_time,verification_time,dafny_time
0.824,28.3471,124.9575,619.7084,773.837
parsing_time,plugin_time,resolution_time,verification_time,dafny_time
0.8251,27.6537,128.1025,637.2127,793.7940000000001
parsing_time,plugin_time,resolution_time,verification_time,dafny_time
0.8348,27.4558,125.5649,637.3096,791.1651
parsing_time,plugin_time,resolution_time,verification_time,dafny_time
0.8361,27.3159,127.75540000000001,618.8832,774.7906
parsing_time,plugin_time,resolution_time,verification_time,dafny_time
0.8518,26.764400000000002,123.4998,636.1934,787.3094
parsing_time,plugin_time,resolution_time,verification_time,dafny_time
0.8484,27.8559,127.0548,618.0741,773.8332
parsing_time,plugin_time,resolution_time,verification_time,dafny_time
0.8375,26.855600000000003,127.8626,615.4788,771.0345
parsing_time,plugin_time,resolution_time,verification_time,dafny_time
1.2937,27.3477,127.8602,668.3366,824.8381999999999
parsing_time,plugin_time,resolution_time,verification_time,dafny_time
0.808,26.5178,123.6874,678.1111,829.1243
parsing_time,plugin_time,resolution_time,verification_time,dafny_time
0.8559,27.4229,127.5593,675.4567,831.2947999999999
parsing_time,plugin_time,resolution_time,verification_time,dafny_time
0.9215,27.163700000000002,125.2063,685.4276,838.7191
parsing_time,plugin_time,resolution_time,verification_time,dafny_time
0.8407,27.9192,133.665,693.1003,855.5251999999999
parsing_time,plugin_time,resolution_time,verification_time,dafny_time
0.817,26.5643,126.27250000000001,706.1403,859.7941000000001
parsing_time,plugin_time,resolution_time,verification_time,dafny_time
0.8535,27.0215,124.82580000000002,650.3676,803.0684000000001
parsing_time,plugin_time,resolution_time,verification_time,dafny_time
0.831,27.9612,123.73060000000001,676.7453,829.2681
parsing_time,plugin_time,resolution_time,verification_time,dafny_time
0.8072,26.666500000000003,125.0336,734.959,887.4662999999999
parsing_time,plugin_time,resolution_time,verification_time,dafny_time
0.862,26.8404,125.09029999999998,696.8853,849.678
parsing_time,plugin_time,resolution_time,verification_time,dafny_time
0.8272,26.597,125.3518,686.0082,838.7842
parsing_time,plugin_time,resolution_time,verification_time,dafny_time
0.8068,26.9237,126.6309,668.9712,823.3326
parsing_time,plugin_time,resolution_time,verification_time,dafny_time
0.9138,26.744500000000002,123.61559999999999,636.5108,787.7847
parsing_time,plugin_time,resolution_time,verification_time,dafny_time
0.846,27.282500000000002,124.3188,656.9076,809.3549
parsing_time,plugin_time,resolution_time,verification_time,dafny_time
0.8303,27.3493,126.1207,663.2995,817.5998
parsing_time,plugin_time,resolution_time,verification_time,dafny_time
0.8626,26.8631,125.76929999999999,675.0748,828.5698
parsing_time,plugin_time,resolution_time,verification_time,dafny_time
0.8153,27.833,125.3298,707.4208,861.3989
parsing_time,plugin_time,resolution_time,verification_time,dafny_time
0.8616,26.883499999999998,125.9691,718.762,872.4762
parsing_time,plugin_time,resolution_time,verification_time,dafny_time
0.8122,26.4833,128.1109,699.6895,855.0958999999999
parsing_time,plugin_time,resolution_time,verification_time,dafny_time
0.8375,27.592200000000002,130.9988,674.7097,834.1382
parsing_time,plugin_time,resolution_time,verification_time,dafny_time
0.8303,27.8581,128.35,723.3369,880.3753
parsing_time,plugin_time,resolution_time,verification_time,dafny_time
0.8857,26.9854,125.7004,679.3989,832.9704
parsing_time,plugin_time,resolution_time,verification_time,dafny_time
0.8363,26.8052,126.3871,730.1536,884.1822
parsing_time,plugin_time,resolution_time,verification_time,dafny_time
0.8804,27.1476,126.9443,683.6835,838.6558
parsing_time,plugin_time,resolution_time,verification_time,dafny_time
0.8487,26.309400000000004,125.5455,644.0637,796.7673
parsing_time,plugin_time,resolution_time,verification_time,dafny_time
0.8606,27.4409,124.43230000000001,726.5534,879.2872
parsing_time,plugin_time,resolution_time,verification_time,dafny_time
0.8651,26.7193,123.457,718.1688,869.2102
parsing_time,plugin_time,resolution_time,verification_time,dafny_time
0.8405,26.883799999999997,124.7382,638.3923,790.8548
parsing_time,plugin_time,resolution_time,verification_time,dafny_time
1.277,27.371299999999998,127.9824,717.1243,873.7549999999999
parsing_time,plugin_time,resolution_time,verification_time,dafny_time
0.9327,26.4425,125.5162,639.0181,791.9095
parsing_time,plugin_time,resolution_time,verification_time,dafny_time
0.8205,27.287000000000003,125.2676,647.8533,801.2284
parsing_time,plugin_time,resolution_time,verification_time,dafny_time
0.8264,27.020100000000003,124.9971,675.0533,827.8969000000001
parsing_time,plugin_time,resolution_time,verification_time,dafny_time
0.8238,26.828300000000002,124.95549999999999,716.9123,869.5199
parsing_time,plugin_time,resolution_time,verification_time,dafny_time
0.8249,27.3863,126.50500000000001,657.6568,812.373
parsing_time,plugin_time,resolution_time,verification_time,dafny_time
0.9188,27.0662,126.96679999999999,688.0993,843.0510999999999
parsing_time,plugin_time,resolution_time,verification_time,dafny_time
0.8707,27.133599999999998,134.9132,694.2947,857.2122
parsing_time,plugin_time,resolution_time,verification_time,dafny_time
0.8202,26.878800000000002,124.01230000000001,706.6724,858.3837000000001
parsing_time,plugin_time,resolution_time,verification_time,dafny_time
0.8136,27.8007,125.1125,694.8689,848.5957000000001
parsing_time,plugin_time,resolution_time,verification_time,dafny_time
0.8208,26.8976,125.9945,676.5445,830.2574
parsing_time,plugin_time,resolution_time,verification_time,dafny_time
0.8061,27.040799999999997,125.73409999999998,686.4576,840.0386
parsing_time,plugin_time,resolution_time,verification_time,dafny_time
0.9401,27.2975,126.4607,655.5396,810.2379
parsing_time,plugin_time,resolution_time,verification_time,dafny_time
0.8485,27.977899999999998,126.119,675.7061,830.6514999999999
parsing_time,plugin_time,resolution_time,verification_time,dafny_time
0.8204,27.214299999999998,124.171,651.3696,803.5753
parsing_time,plugin_time,resolution_time,verification_time,dafny_time
0.8359,27.8421,129.0111,664.6933,822.3824
parsing_time,plugin_time,resolution_time,verification_time,dafny_time
0.8544,28.254499999999997,123.66669999999999,664.8561,817.6316999999999
parsing_time,plugin_time,resolution_time,verification_time,dafny_time
0.8277,28.849600000000002,124.08640000000001,712.669,866.4327000000001
parsing_time,plugin_time,resolution_time,verification_time,dafny_time
0.8305,26.5963,127.3639,662.4477,817.2384000000001
parsing_time,plugin_time,resolution_time,verification_time,dafny_time
1.6302,26.785700000000002,125.2724,726.8629,880.5512
parsing_time,plugin_time,resolution_time,verification_time,dafny_time
0.8611,26.9289,124.4933,667.8313,820.1146000000001
parsing_time,plugin_time,resolution_time,verification_time,dafny_time
0.9491,27.5931,149.1607,696.4356,874.1385
parsing_time,plugin_time,resolution_time,verification_time,dafny_time
0.8496,28.133700000000005,123.5671,681.1544,833.7048
parsing_time,plugin_time,resolution_time,verification_time,dafny_time
0.823,27.4312,124.61030000000001,658.0136,810.8781
parsing_time,plugin_time,resolution_time,verification_time,dafny_time
0.8497,27.3876,125.5177,747.8468,901.6018
parsing_time,plugin_time,resolution_time,verification_time,dafny_time
0.8269,26.889000000000003,124.6209,707.6335,859.9703000000001
parsing_time,plugin_time,resolution_time,verification_time,dafny_time
0.847,26.767400000000002,126.3749,684.8291,838.8184000000001
parsing_time,plugin_time,resolution_time,verification_time,dafny_time
0.9367,26.839799999999997,125.1096,661.4182,814.3043
parsing_time,plugin_time,resolution_time,verification_time,dafny_time
0.8279,26.6218,126.4735,709.1327,863.0559000000001
parsing_time,plugin_time,resolution_time,verification_time,dafny_time
0.8368,26.790100000000002,125.29719999999999,665.066,817.9901
parsing_time,plugin_time,resolution_time,verification_time,dafny_time
0.8356,27.2872,124.2136,706.618,858.9544000000001
parsing_time,plugin_time,resolution_time,verification_time,dafny_time
0.8395,27.983,123.3102,706.2004,858.3331
parsing_time,plugin_time,resolution_time,verification_time,dafny_time
0.833,28.344,124.13919999999999,694.5081,847.8243
parsing_time,plugin_time,resolution_time,verification_time,dafny_time
0.9116,26.8478,124.6009,712.2345,864.5948000000001
parsing_time,plugin_time,resolution_time,verification_time,dafny_time
1.0224,26.814600000000002,125.2375,687.0462,840.1206999999999
parsing_time,plugin_time,resolution_time,verification_time,dafny_time
0.9575,27.360100000000003,129.9908,689.46,847.7684
parsing_time,plugin_time,resolution_time,verification_time,dafny_time
0.8176,27.2071,124.9043,694.4949,847.4239
parsing_time,plugin_time,resolution_time,verification_time,dafny_time
0.799,27.0426,124.07889999999999,649.8439,801.7644
parsing_time,plugin_time,resolution_time,verification_time,dafny_time
0.8292,26.1852,126.3489,662.5426,815.9059
parsing_time,plugin_time,resolution_time,verification_time,dafny_time
0.8805,26.362199999999998,124.8941,672.5323,824.6691
parsing_time,plugin_time,resolution_time,verification_time,dafny_time
0.8793,26.745300000000004,127.0851,695.6328,850.3425
parsing_time,plugin_time,resolution_time,verification_time,dafny_time
0.9003,26.5849,132.447,686.8783,846.8104999999999
parsing_time,plugin_time,resolution_time,verification_time,dafny_time
0.8972,27.370099999999997,127.2536,695.6541,851.175
parsing_time,plugin_time,resolution_time,verification_time,dafny_time
0.9106,26.6293,126.71119999999999,682.2329,836.4839999999999
parsing_time,plugin_time,resolution_time,verification_time,dafny_time
0.812,27.3055,124.2941,729.6963,882.1079
parsing_time,plugin_time,resolution_time,verification_time,dafny_time
0.8813,28.0256,127.9913,668.6538,825.552
parsing_time,plugin_time,resolution_time,verification_time,dafny_time
0.8074,26.2918,124.5384,687.4276,839.0652
parsing_time,plugin_time,resolution_time,verification_time,dafny_time
0.9029,27.967100000000002,125.13579999999999,690.7839,844.7897
parsing_time,plugin_time,resolution_time,verification_time,dafny_time
0.8253,26.542900000000003,124.855,700.7241,852.9473
parsing_time,plugin_time,resolution_time,verification_time,dafny_time
0.8804,26.032799999999998,124.0689,625.9272,776.9093
parsing_time,plugin_time,resolution_time,verification_time,dafny_time
0.8387,26.6665,124.69330000000001,684.9922,837.1907
parsing_time,plugin_time,resolution_time,verification_time,dafny_time
0.8333,27.229899999999997,126.9726,698.7349,853.7707
parsing_time,plugin_time,resolution_time,verification_time,dafny_time
0.8381,27.809,122.4273,689.9139,840.9883
parsing_time,plugin_time,resolution_time,verification_time,dafny_time
0.8013,26.891000000000002,126.0887,704.7501,858.5310999999999
parsing_time,plugin_time,resolution_time,verification_time,dafny_time
0.849,27.3262,124.7265,707.8331,860.7348
parsing_time,plugin_time,resolution_time,verification_time,dafny_time
0.8968,26.921400000000002,126.1276,698.5497,852.4955
parsing_time,plugin_time,resolution_time,verification_time,dafny_time
0.8296,27.110599999999998,127.58149999999999,728.6608,884.1825
parsing_time,plugin_time,resolution_time,verification_time,dafny_time
0.8289,27.1518,124.75410000000001,768.7632,921.498
parsing_time,plugin_time,resolution_time,verification_time,dafny_time
0.8495,27.9346,129.8829,708.5359,867.2029
parsing_time,plugin_time,resolution_time,verification_time,dafny_time
0.8677,26.9631,126.85490000000001,715.7738,870.4595
parsing_time,plugin_time,resolution_time,verification_time,dafny_time
0.8255,27.0883,128.23870000000002,712.0421,868.1946
parsing_time,plugin_time,resolution_time,verification_time,dafny_time
0.815,26.6092,124.22800000000001,677.0819,828.7341
parsing_time,plugin_time,resolution_time,verification_time,dafny_time
0.9126,27.392400000000002,124.9529,696.5902,849.8480999999999
parsing_time,plugin_time,resolution_time,verification_time,dafny_time
0.8425,26.697499999999998,125.36590000000001,744.9845,897.8904
parsing_time,plugin_time,resolution_time,verification_time,dafny_time
0.8267,27.424400000000002,126.7445,693.2531,848.2487
parsing_time,plugin_time,resolution_time,verification_time,dafny_time
0.7993,28.9137,124.30449999999999,709.3604,863.3779
parsing_time,plugin_time,resolution_time,verification_time,dafny_time
0.8554,26.6667,125.0896,709.2429,861.8546
parsing_time,plugin_time,resolution_time,verification_time,dafny_time
0.9336,26.1235,123.55669999999999,699.0547,849.6685
parsing_time,plugin_time,resolution_time,verification_time,dafny_time
0.8365,26.1967,126.1823,674.6566,827.8721
parsing_time,plugin_time,resolution_time,verification_time,dafny_time
0.9402,27.6509,125.90760000000002,699.305,853.8036999999999
parsing_time,plugin_time,resolution_time,verification_time,dafny_time
0.8559,26.5934,126.8856,698.4263,852.7611999999999
parsing_time,plugin_time,resolution_time,verification_time,dafny_time
0.8431,27.181,125.855,668.6509,822.53
parsing_time,plugin_time,resolution_time,verification_time,dafny_time
0.8248,26.555600000000002,124.4906,692.5055,844.3765
parsing_time,plugin_time,resolution_time,verification_time,dafny_time
0.8309,29.4506,126.75890000000001,696.8847,853.9250999999999
parsing_time,plugin_time,resolution_time,verification_time,dafny_time
0.9353,26.8655,125.0095,660.0174,812.8276999999999
parsing_time,plugin_time,resolution_time,verification_time,dafny_time
0.8371,26.6569,125.2983,714.5758,867.3680999999999
parsing_time,plugin_time,resolution_time,verification_time,dafny_time
0.8369,26.6606,126.26449999999998,728.3508,882.1128
parsing_time,plugin_time,resolution_time,verification_time,dafny_time
0.8841,27.0232,123.76520000000001,720.7089,872.3814
parsing_time,plugin_time,resolution_time,verification_time,dafny_time
0.841,29.008200000000002,126.03810000000001,697.4467,853.334
parsing_time,plugin_time,resolution_time,verification_time,dafny_time
0.8343,27.468999999999998,128.5715,720.3287,877.2035000000001
parsing_time,plugin_time,resolution_time,verification_time,dafny_time
0.8384,26.6349,130.94189999999998,731.5363,889.9514999999999
parsing_time,plugin_time,resolution_time,verification_time,dafny_time
1.06,27.682499999999997,141.7718,739.1041,909.6184000000001
parsing_time,plugin_time,resolution_time,verification_time,dafny_time
0.8451,27.6347,131.17010000000002,710.9831,870.633
parsing_time,plugin_time,resolution_time,verification_time,dafny_time
0.9271,28.1176,129.5306,711.2801,869.8553999999999
parsing_time,plugin_time,resolution_time,verification_time,dafny_time
0.8389,27.3764,124.25510000000001,690.1405,842.6109
parsing_time,plugin_time,resolution_time,verification_time,dafny_time
0.9021,27.2231,139.7614,718.428,886.3146
parsing_time,plugin_time,resolution_time,verification_time,dafny_time
0.8389,27.869699999999998,127.99480000000001,733.5111,890.2145
parsing_time,plugin_time,resolution_time,verification_time,dafny_time
0.8396,26.3882,127.71400000000001,701.7606,856.7023999999999
parsing_time,plugin_time,resolution_time,verification_time,dafny_time
0.8126,27.741899999999998,141.2426,734.9502,904.7473
parsing_time,plugin_time,resolution_time,verification_time,dafny_time
1.0907,28.2701,125.9844,746.7545,902.0997
parsing_time,plugin_time,resolution_time,verification_time,dafny_time
0.8426,30.125600000000002,128.73499999999999,742.9943,902.6975
parsing_time,plugin_time,resolution_time,verification_time,dafny_time
0.9805,29.339300000000005,131.2336,769.2848,930.8382
parsing_time,plugin_time,resolution_time,verification_time,dafny_time
1.4911,27.774,129.2508,732.4791,890.995
parsing_time,plugin_time,resolution_time,verification_time,dafny_time
0.9374,26.9197,127.0805,719.5637,874.5013
parsing_time,plugin_time,resolution_time,verification_time,dafny_time
0.9489,26.551900000000003,126.3271,698.4975,852.3254
parsing_time,plugin_time,resolution_time,verification_time,dafny_time
0.8211,27.3708,127.80090000000001,718.914,874.9068
parsing_time,plugin_time,resolution_time,verification_time,dafny_time
0.8872,27.7884,124.74390000000001,738.9708,892.3903
parsing_time,plugin_time,resolution_time,verification_time,dafny_time
0.9211,27.2951,126.98620000000001,685.5933,840.7957
parsing_time,plugin_time,resolution_time,verification_time,dafny_time
0.8637,28.8461,126.93830000000001,731.9612,888.6093
parsing_time,plugin_time,resolution_time,verification_time,dafny_time
0.8279,27.495900000000002,135.84,745.3888,909.5526
parsing_time,plugin_time,resolution_time,verification_time,dafny_time
0.8405,28.3718,128.0844,697.6466,854.9433
parsing_time,plugin_time,resolution_time,verification_time,dafny_time
0.8488,27.1424,128.7512,684.5901,841.3325
parsing_time,plugin_time,resolution_time,verification_time,dafny_time
0.8339,26.8717,126.05950000000001,694.4687,848.2338
parsing_time,plugin_time,resolution_time,verification_time,dafny_time
0.8626,27.6931,127.60329999999999,683.6913,839.8503
parsing_time,plugin_time,resolution_time,verification_time,dafny_time
0.8644,27.6524,126.5395,719.0445,874.1007999999999
parsing_time,plugin_time,resolution_time,verification_time,dafny_time
0.8623,27.0871,127.8818,724.4427,880.2738999999999
parsing_time,plugin_time,resolution_time,verification_time,dafny_time
0.8585,26.774700000000003,137.023,704.7296,869.3858
parsing_time,plugin_time,resolution_time,verification_time,dafny_time
0.8121,27.2811,127.83,669.11,825.0332000000001
parsing_time,plugin_time,resolution_time,verification_time,dafny_time
0.8324,26.378999999999998,127.44590000000001,675.7149,830.3722
parsing_time,plugin_time,resolution_time,verification_time,dafny_time
0.9428,27.779899999999998,130.2282,738.4748,897.4257
parsing_time,plugin_time,resolution_time,verification_time,dafny_time
1.4935,28.725099999999998,142.2575,845.9054,1018.3815
parsing_time,plugin_time,resolution_time,verification_time,dafny_time
1.7157,26.2492,124.05640000000001,718.762,870.7832999999999
parsing_time,plugin_time,resolution_time,verification_time,dafny_time
0.906,26.6679,127.6154,621.6562,776.8455
parsing_time,plugin_time,resolution_time,verification_time,dafny_time
1.5375,27.9487,129.8684,660.304,819.6586
parsing_time,plugin_time,resolution_time,verification_time,dafny_time
0.8441,27.3901,126.24180000000001,700.4853,854.9613
parsing_time,plugin_time,resolution_time,verification_time,dafny_time
0.8296,27.2234,129.3486,710.8149,868.2165
